Name,,robot type,category,full head,screen type,mouth,nose,eyebrows,cheeks (blush),hair,ears,physical features,robot height,embodiment,face color,face turns other colors,face gradient to,face shape,screen size,head motion,face motion,info display,eye color,eye outline color,eye turns other colors (inside),eye shape,eye turns other shapes (exclude blink),pupil (y/n),pupil color,lid,lid color,iris,iris color,lashes color,lash shape,reflected glare color,# glare circles,blink type,"pupil
shapes",eye motion,"pupil and/or
iris motion",glare motion,wink,eye size,eye placement,eye spacing,mouth color (or outline color),mouth inside color,mouth shape,lips,tongue,teeth shape,mouth motion,mouth length,mouth placement,nose color,nose shape,nose 3d,nose size,nose placement,nose motion,eyebrow color,eyebrow shape,eyebrow inner edge positions,eyebrow independent motion,eyebrow motion,eyebrow length,eyebrow arch,cheek color,cheek shape,cheek size,cheek placement,cheek spacing,hair color,country/region of origin,year
Vanessa,7,humanoid,service,y,smart,y,y,y,y,y,y,x,low,on mobile platform,beige,x,x,human,small,y,ud,"smart, toolbar[top]",white,black,x,human eye,x,y,black,y,beige,y,blue,black,human,white,1,lid down,circle,none,none,none,no data,small,raise,close,pink,black,human,pink,x,human,"height, width",short,low,beige,human,y,med,cen,none,black,arched (center),"down, flat",x,none,med,med,pink,3D,large,cen,close,black,Russia,2010
EDGAR,8,humanoid,research,y,back,y,y,y,y,y,y,x,high,torso (on platform),beige,white,x,human,small,"x,y,z",none,x,brown,x,x,human eye,x,y,no data,y,beige,no data,no data,no data,no data,no data,no data,lid down,circle,none,no data,no data,x,small,raise,medium,beige,black,human,beige,no data ,human,"width, height",med,down,beige,human,y,large,down,none,brown,arched (center),down,x,ud,med,small,beige,3D,large,up,wide,brown,Singapore,2014
FURo-S,8,humanoid,service,y,blcd,y,y,y,y,y,x,ears,high,full robot body,beige,x,x,rounded rectangle - vert,med,"x, y, vx, vy, vz",none,chest,white,black,x,human eye,x,y,black,y,brown,y,hazel,brown,human,white,1,lid down,circle,none,"lr, ud",none,x,pro,cen,medium,brown,black,"crescent, pucker lips",pink,x,single rect,"height, width",med,cen,beige,rounded pyramid,y,med,cen,none,brown,arched (center),down,y,ud,med,small,pink,blush,x,cen,wide,brown,Korea,2015
FURo-D,9,humanoid,service,y,blcd,y,y,y,y,y,x,ears,high,full robot body,beige,x,x,rounded rectangle - vert,med,"x, y, vx, vy, vz",none,chest,white,black,x,human eye,x,y,black,y,brown,y,hazel,brown,human,x,x,lid down,circle,none,"lr, ud",none,x,pro,cen,medium,brown,black,"crescent, pucker lips",pink,x,single rect,"width, height",med,cen,beige,rounded pyramid,y,med,cen,none,brown,arched (center),down,y,ud,med,small,pink,blush,,cen,wide,brown,Korea,2015
SociBot,9,humanoid,entertainment,y,back,y,y,y,y,x,x,ears,high,on mobile platform,beige,y,x,human,small,"x, y, z",none,x,white,x,x,human eye,other h. eye shapes,y,black,y,beige,y,"blue, various",black,human,x,x,lid down,circle,none,"up, lr",none,y,pro,raise,medium,pink,dark red,human,pink,pink,human,"height, width",med,down,beige,human,y,small,cen,none,brown,human,"down, flat",y,ud,long,small,peach,3D,med,cen,cen,x,UK,2012
Valerie the Roboceptionist,8,humanoid,research,y,blcd,y,y,y,y,y,y,x,med,on mobile platform,beige,x,x,human,med,none,"ud, lr",x,white,black,x,human eye,other h. eye shapes,y,black,y,pink,y,blue,black,human,white,1,no data,circle,none,"lr, ud",none,x,small,raise,wide,red,black,human,red,x,human,"height, width",med,down,beige,human,y,med,cen,none,brown,arched (outer edge),"down, flat",x,"ud, flatten",med,small,peach,3D,small,cen,wide,brown,USA,2004
Dual Display Kiosk,11,humanoid,service,x,blcd,y,y,y,y,y,x,x,med,upright stationary rectangle,beige,x,x,rectangle - horiz,med,none,none,text[below],white,x,x,vert oval,x,y,black,y,pink,y,brown,black,line,white,1,bottom lid wipe up,circle,none,none,none,x,small,raise,close,pink,red,open,dark pink,x,rect,"width, height, z",long,down,beige,oval,y,large,up,"height, width",black,long teardrop,"up, vert",x,"flip, ud",long,small,pink,blush,small,up,wide,yellow,Japan,2010
Vikia,12,humanoid,research,y,blcd,y,y,y,y,y,y,x,high,upright mobile cylinder,beige,x,x,human,med,"vx,vy",none,x,white,x,x,human eye,other h. eye shapes,y,black,y,pink/tan,y,blue,x,x,x,x,lid down,circle,none,none,none,y,pro,raise,wide,red,black,human,red,x,human,height,med,down,beige,human,y,large,up,none,brown,arched (center),flat,x,none,med,small,pink/tan,3D,med,cen,cen,brown,USA,2006
EMC,13,humanoid,research,y,blcd,y,y,y,y,y,y,x,low,screen (on mobile platform),beige,x,x,human,large,none,none,dis,white,x,x,human eye,x,y,black,y,beige,x,x,x,x,white,1,x,circle,none,none,none,x,small,raise,medium,red,black,human,y,no data ,rect,"width, height",med,down,beige,human,y,large,up,height,brown,arched (inside edge),flat,x,"ud, flatten/arch",med,small,beige,3D,large,up,wide,brown,Canada,2008
IURO/Furhat,13,humanoid,research,y,back,y,y,y,y,x,x,x,ground,tabletop,yellow,x,pale yellow,human,large,y,none,x,white,x,x,human eye,x,y,black,y,pale yellow,y,turquoise,x,x,light blue,N/A,lid down,circle,height,"lr, ud",N/A,N/A,small,up,medium,red,black,"crescent, pucker lips",red,x,single rect,height,med,down,yellow,rounded pyramid,y,large,up,none,brown,arched (center),"down, flat, up",x,ud,long,small,yellow,3D,med,down,cen,x,Sweden,2016
Victor,13,humanoid,research,y,blcd,y,y,y,y,y,x,x,med,upright stationary cylinder,yellow,x,x,human,small,"x,y,z",none,x,white,x,x,human eye,x,y,black,y,yellow,y,gray,x,x,x,x,lid down,circle,none,"lr, ud",none,,pro,up,medium,yellow,black,human,yellow,x,human,"height, width",long,down,yellow,human,y,large,up,none,pale yellow,arched (center),"down, flat, up",y,arch,long,small,yellow,3D,med,cen,wide,beige,USA,2014
RobotBase (Maya),14,humanoid,home,y,blcd,y,y,y,x,y,x,x,low,upright mobile pole,beige,x,x,ellipse - vert,med,none,none,"icon, dis, tele",white,x,no data,human eye,squint,y,black,y,beige,y,blue,black,line,white,1,lid down,circle,"lr, ud, lid height",none,none,x,pro,raise,wide,red,white,crescent,red,x,single rect,height,med,down,beige,rounded pyramid,y,small,cen,ud,brown,arched (outer edge),flat,x,ud,med,small,x,x,x,x,x,beige,USA,2015
Tim-E,14,humanoid,home,x,smart,y,y,y,y,x,x,x,ground,tabletop,blue,x,x,square,med,z,"ud, lr",dis,white,x,x,human eye,x,y,black,y,blue,y,blue,x,x,white,2,lid down,circle,height,lr,none,x,pro,raise,medium,blue,red,human,blue,red,human,"height, width",med,cen,blue,human,y,small,cen,none,black,line,"down, flat, up",y,"ud, flip, flatten",med,x,light blue,3D,small,cen,cen,x,USA,2017
Robelf,15,humanoid,home,x,touch,y,y,y,y,x,x,x,med,full robot body,yellow,x,x,rectangle - horiz,med,"x, y",none,dis,green,white,x,circle,x,y,black,y,yellow,y,hazel,white,line,white,2,lid down,circle,height,"resize, lr, ud",none,x,dom,up,wide,brown,black,line,brown,x,x,"height, shape",long,down,gold,circle,x,small,cen,none,brown,bracket,up,x,ud,med,med,tan,x,med,down,wide,x,Taiwan,2016
Zenbo,15,humanoid,home,x,smart,y,x,y,y,x,x,x,ground,upright mobile sphere,blue,red,black,ellipse - horiz,med,"x, y",none,"dis, IF",gray,black, x,circle,x,y,black,y,blue,y,blue,white and blue,semicircle around eye,white,2,lid down,circle,ud,"lr, ud",none,y,dom,up,medium,light blue,red,crescent,blue,x,x,resize,med,down,x,x,x,x,x,none,white,half circle,"up, down",x,ud,short,small,red,crescent,small,up,cen,x,Taiwan,2016
Tyche (1),16,humanoid,home,y,smart,y,x,y,y,y,x,x,ground,on mobile platform,beige,x,x,human,med,none,ud,"smart, dis, corner [on bottom], IF, dialog",white,black,x,human eye,x,y,black,y,beige,y,blue,black,line with 3 vert lines,white,1,lid down,circle,resize,none,none,y,pro,cen,wide,black,pink,smile,x,x,x,"height, width",med,down,x,x,x,x,x,none,black,arched (center),"down, flat",x,"dist, arch",short,small,beige,human,med,cen,cen,yellow,Korea,2014
Mr Personality - Max,18,humanoid,entertainment,x,blcd,y,y,y,x,x,x,x,ground,full robot body,yellow,x,x,rectangle - vert,small,"x, y",no data,dis,white,black,x,vert oval,circle,y,black,y,gray,y,blue,x,x,white,2,lid wipe center,circle,none,"lr, ud, resize",none,y,small,up,close,black,black,crescent,yellow,red,rect,none,long,down,black,triangle,x,med,down,none,black,upsidedown arched (center),"vert, up, down, flat",y,"ud, flip",med,x,x,x,x,x,x,x,Hong-Kong,2008
Buddy,20,humanoid,home,x,touch,y,x,y,y,x,x,x,ground,upright mobile cylinder,white,x,x,oval - horiz,med,"x,y,z",ud,"dis, toolbar [left], corner, speech [top], button [top right]",black,black,x,circle,x,y,white,y,white,x,x,black,line and dot,white,2,lid down,circle,"ud, lr, height","lr, ud",z,y,pro,raise,wide,black,various,smile,x,various,x,"width, height,
resize",short,cen,x,x,x,x,x,none,white,arched (outer edge),"down, flat, up",x,"ud, lr",med,large,various,oval,small,up,wide,x,France,2015
Datouxiaofan,21,humanoid,home,x,blcd,y,x,y,y,x,x,x,ground,tabletop - mobile,white,x,x,rectangle - horiz,small,no data,none,x,yellow,pink,x,circle,x,y,black,y,white,x,x,black,crescent,white,2,slit,circle,none,none,"lr, ud",x,pro,cen,medium,black,pink,crescent,x,pink,single rect,"teeth ud, resize, app/dis",short,down,x,x,x,x,x,none,black,arched (center),down,x,ud,short,small,pink,oval,small,up,wide,x,China,2015
lightface,21,humanoid,research,y,back,y,y,y,x,x,x,x,high,tabletop,beige,x,x,human,large,no data,no data,x,white,x,no data,human eye,x,y,black,y,beige,y,green,x,x,x,x,no data,circle,no data,no data,no data,no data,pro,cen,medium,beige,x,"crescent, pucker lips",no data,x,x,none,short,cen,beige,rounded pyramid,y,small,cen,none,brown,arched (inside edge),flat,x,no data,med,large,x,3D,med,x,x,x,England,2011
maskbot 1,21,humanoid,research,y,back,y,y,y,y,x,x,x,ground,tabletop,beige,x,x,human,large,"x,y,z",no data,x,white,x,x,human eye,x,y,black,y,pink,no data,no data,x,x,x,x,lid down,circle,none,none,none,x,pro,raise,medium,red,black,"crescent, pucker lips",red,x,x,"height, width",med,down,pink,rounded triangle,y,large,up,none,brown,x,"down, flat, up",x,none,long,x,pink/beige,3D,x,down,cen,x,Germany,2011
emotional/PIL head robot,22,humanoid,research,y,blcd,y,y,y,y,y,x,x,ground,tabletop,beige,x,x,human,med,none,no data,x,white,x,x,human eye,x,y,black,y,beige,x,x,x,x,x,x,no data,circle,none,none,none,no data,small,raise,medium,pink,black,human,pink,x,x,width,med,down,beige,human,y,large,cen,none,brown,arched (center),flat,x,"twist, arch",long,small,x,x,x,x,x,brown,Korea,2007
Kikoo,22,humanoid,educational,x,blcd,y,x,y,x,x,x,x,low,upright mobile spheroid,blue,no data,black,ellipse - horiz,med,no data,no data,x,white,blue,no data,circle,x,y,black,no data,no data,y,gray,x,x,white,2,no data,circle,no data,no data,no data,no data,pro,cen,medium,red,dark red,bumpy crescent,blue,red,x,no data,short,down,x,x,x,x,x,none,white,arched (center),flat,no data,no data,short,large,x,x,x,x,x,x,China,2017
Tech pet,22,zoomorphic,entertainment,x,smart,y,y,x,x,x,x,ears,ground,on mobile dog body,blue,x,white,rectangle - vert,med,z,none,"smart, dis, IF",white,black,x,vert oval,horiz oval,y,black,y,white,y,blue,x,x,x,x,><,vert oval,ud,none,none,x,pro,up,medium,black,red,bumpy crescent,black,x,x,ud,med,down,black,rounded triangle,x,small,cen,ud,black,arched (center),"flat, up",x,"flip, ud",med,large,x,x,x,x,x,x,Japan,2012
I-Eng,23,zoomorphic,entertainment,x,blcd,y,y,y,x,x,x,ears,ground,full robot body (fur),black,x,x,bean-shaped,small,none,none,x,white,blue,x,circle,"semicircle, crescent, angle bracket",y,black,y,black,y,blue,x,x,white,1,x,circle,"ud, resize, z",app/dis,none,x,pro,cen,wide,red,red,smile,x,x,x,"lr, ud, resize",short,down,blue,rounded triangle,x,small,cen,"ud, resize",blue,dots,up,x,"ud, lr",short,small,x,x,x,x,x,x,Korea,2015
Rubi-5,23,humanoid,educational,x,touch,y,y,y,x,x,x,ears,low,mobile platform,yellow,x,darker yellow,rectangle - horiz,small,"x, y, z",none,chest,white,x,x,circle,x,y,black,y,pink,x,x,x,x,x,x,lid down,circle,"lr, ud","lr, ud",none,x,pro,raise,wide,red,white,line,red,x,crescent,resize,med,cen,pink,circle,x,small,down,none,brown,arched (center),"down, flat, up",y,"resize, ud, 
dist",med,large,x,x,x,x,x,x,USA,2014
Shanghai Jinghong,25,humanoid,service,x,blcd,y,x,x,y,x,x,ears,high,full robot body,white,no data,x,hor rectangle with indent,small,no data,no data,x,pink,black,no data,vert oval,no data,y,black,x,x,y,pink,black,line w/ 2 dashes,white,4,no data,vert oval,no data,no data,no data,no data,pro,raise,wide,gray,no data,rectangle,x,x,x,no data,short,down,x,x,x,x,x,x,x,x,x,x,none,x,x,pink,oval,med,up,wide,x,China,no data
Cally,26,mechanical,research,x,blcd,y,x,y,y,x,x,x,ground,full robot body,black,x,x,rectangle - vert,small,"x,z",none,smart,black,white,x,vert rounded rect,"circle, semicircle, plus sign",y,white,x,x,x,x,x,x,x,x,x,oval,"resize, height","lr, ud, height, app/dis",none,y,pro,up,close,white,black,smile,white,x,x,"ud, lr, width, 
app/dis",med,cen,x,x,x,x,x,none,white,arched (center),"down, flat, up",y,"app/dis, flip",med,small,pink,single rect filled w vert lines,large,cen,x,x,Canada,2009
ibotn (1),26,humanoid,home,x,blcd,y,x,x,y,x,x,x,ground,upright mobile sphere,white,x,x,oval - horiz,small,none,none,"dis, text, icons, tele",brown,black,x,circle,"angled bracket
",y,black,x,x,y,brown,x,x,white,3,lid down,circle,none,none,none,no data,pro,raise,wide,black,pink,smile,x,x,x,"change shape, width, height, resize",short,cen,x,x,x,x,x,none,x,x,x,x,"app/dis, flip",short,small,pink,oval,small,up,wide,x,China,2017
Oddwerx (Ike),27,mechanical,entertainment,x,smart,y,x,y,x,x,x,x,ground,tabletop mobile,blue,x,dark blue,rectangle - vert,large,none,"ud, lr",icon,blue,white,"orange, green",circle,x,y,black,y,white,x,x,orange,line in corner,white,1,lid down,circle,"ud, lr","lr, resize, app/dis",none,x,pro,up,close,white,blue,line with vertical oval,x,x,x,"height, width, ud, lr, resize",long,cen,x,x,x,x,x,x,white,arched (center),"down, flat, up",x,"ud, flatten/arch, flip",med,small,x,x,x,x,x,x,USA,2012
Scorpio Smartphone Robot,27,humanoid,entertainment,x,smart,y,x,y,y,x,x,"hair, glasses",ground,tabletop,black,x,x,rectangle - vert,large,y,none,area[bottom half],yellow,x,x,circle,x,y,black,y,black,x,x,x,x,x,x,lid down,circle,none,"lr, ud",none,x,small,up,medium,red,red,line,x,x,x,height,short,down,x,x,x,x,x,x,white,line,flat,y,flip,med,x,red,circle,large,cen,cen,x,Russia,2015
Stelarc,27,mechanical,art,y,blcd,y,y,x,y,x,y,x,ground,on mobile platform,blue,x,x,human,med,"vx,vy,vz","ud, lr",x,black,x,x,human eye,other h. eye shapes,x,x,y,blue,x,x,x,x,x,x,slit,x,none,none,none,x,pro,up,medium,blue,black,human,blue,x,x,"height, width",med,down,blue,human,y,large,cen,none,x,x,x,x,none,x,x,blue,3D,med,cen,cen,x,Australia,2006
Baxter (5),28,humanoid,research,x,touch,y,x,y,x,x,x,x,high,torso (on platform),white,no data,x,rectangle - horiz,small,"x,y",no data,no data,white,black,no data,vert oval,no data,y,black,x,x,x,x,x,x,white,1,no data,circle,no data,no data,no data,no data,small,raise,close,black,x,crescent,x,x,x,no data,med,down,x,x,x,x,x,none,black,arched (center),"down, flat, up",no data,none,short,med,x,x,x,x,x,x,USA,2014
Yumbo,28,humanoid,service,x,blcd,y,x,y,x,x,x,x,no data,upright mobile rectangle,white,x,x,rectangle - vert,small,"x, y, z",no data,no data,blue,x,x,vert oval,x,y,black,no data,no data,x,x,black,downturn line over eye,white,3,no data,vert oval,no data,no data,no data,no data,pro,raise,wide,black,black,crescent,x,x,x,no data,med,cen,x,x,x,x,x,none,black,arched (center),up,x,no data,med,small,x,x,x,x,x,x,Thailand,2011
FURo-Desk,29,mechanical,service,y,blcd,y,y,x,x,x,x,ears,low,tabletop,beige,x,x,rounded rectangle - vert,med,"x, y, vx, vy, vz",none,chest,white,black,x,human eye,x,y,black,x,x,y,black,x,x,x,x,lid down,circle,none,"lr, ud",none,x,pro,raise,medium,black,black,crescent,x,x,single rect,"width, height",med,down,red,nub,y,small,up,none,x,x,x,x,none,x,x,x,x,x,x,x,x,Korea,2015
Rbot / Synergy SWAN,29,zoomorphic,service,x,smart,y,x,y,x,x,x,x,low,upright mobile semi-sphere,blue,x,x,rectangle - horiz,small,"y,z",none,"tele, area [left],
smart",white,black,no data,rounded triangle,,y,black,y,blue,x,x,x,x,x,x,lid down,oval,height,"lr, ud",none,x,small,raise,close,black,white,crescent,blue,x,x,height,long,down,x,x,x,x,x,none,black,arched (center),flat,x,none,med,small,x,x,x,x,x,x,Russia,2015
Troy,29,humanoid,research,x,blcd,y,y,y,x,x,x,x,low,tabletop,pink,x,x,rectangle - horiz,small,"x,y",none,x,white,x,x,circle,x,y,black,x,x,y,blue,x,x,x,x,x,circle,none,none,none,x,small,up,close,red,pink,open,red,x,x,none,long,down,pink,triangle,x,small,cen,none,brown,line,flat,x,"ud, flip",med,small,x,x,x,x,x,x,USA,2010
UBooly,29,zoomorphic,entertainment,x,smart,y,y,x,x,x,x,ears,ground,plushie,white,x,x,circle,med,none,z,dis,gray,black,x,vert oval,"horiz rect, crescent",y,black,x,x,x,x,x,x,"gray
",2,upturn line,vert oval,ud,"lr, ud",none,x,pro,raise,wide,black,red,bumpy crescent,black,pink,x,"height, width",short,down,black,rounded triangle,x,small,down,none,x,x,x,x,none,x,x,x,x,x,x,x,x,USA,2012
FURo-i Smart Home Robot,30,mechanical,home,y,touch,y,x,y,x,x,x,x,ground,upright mobile cylinder,white,x,x,rounded rectangle - horiz,med,none,"lr, ud","toolbar[below], dis",black,blue,x,circle,x,y,black,x,x,y,blue,x,x,white,2,no data,circle,no data,inside spins,none,x,dom,cen,medium,green,black,rectangle,green,x,x,"height, width",short,down,x,x,x,x,x,none,blue,x,x,x,up,short,small,x,x,x,x,x,x,Korea,2015
Kibot,30,humanoid,entertainment,y,touch,y,x,x,x,x,x,x,ground ,on mobile platform,white,x,blue,rectangle - horiz,med,x,none,dis,blue,black,no data,circle,x,y,black,x,x,x,x,x,x,white,1,slit,circle,none ,x,none,no data,pro,cen,wide,black,black,crescent,x,x,rect,height,med,down,x,x,x,x,x,x,x,x,x,x,none,x,x,pink,vert oval,small,down,wide,blue,Korea,2011
Ada (1),31,humanoid,research,x,blcd,x,y,x,y,x,x,x,med,torso (on pole),white,x,x,rectangle - horiz,small,x,none,x,white,black,x,vert oval,x,y,black,x,x,y,blue,black,line,white,3,no data,vert oval,none,,none,x,dom,cen,medium,x,x,x,x,x,x,none,x,x,black,nub,x,small,up,none,x,x,x,x,none,x,x,blue,crescent,small,up,cen,x,USA,2015
Aijia Pro,31,humanoid,home,x,smart,y,x,x,y,x,x,x,ground,upright mobile cylinder,black,x,x,circle,med,none,none,x,white,white,"red, purple, dark blue, green",circle,heart,y,blue,x,x,x,x,x,x,white,1,x,oval,resize,"lr, ud, app/dis",none,y,pro,cen,medium,blue,blue,smile,x,x,x,none,short,up,x,x,x,x,x,none,x,x,x,x,none,x,x,pink,blush,,up,cen,x,Australia,2016
Baxter (6),31,humanoid,research,x,touch,y,x,x,x,x,x,x,high,torso (on platform),white,no data,x,rectangle - horiz,small,"x,y",no data,no data,white,black,no data,circle,no data,y,black,y,white,y,blue,black,crescent,x,x,no data,circle,no data,no data,no data,no data,small,raise,medium,black,x,smile,x,x,x,no data,long,down,x,x,x,x,x,none,x,x,x,x,no data,x,x,x,x,x,x,x,x,USA,2014
Dinsow,31,humanoid,healthcare,x,blcd,x,x,y,x,x,x,"ears, nose",med,full robot body,blue,x,x,rectangle - horiz,med,"x,y",none,"IF, display, tele",white,x,no data,vert oval,x,y,black,y,gray,y,brown,black,line,white,2,lid down,oval,none,app/dis,none,x,pro,low,wide,x,x,x,x,x,x,none,x,x,x,x,x,x,x,none,black,thin inside wide outside,flat,x,ud,long,small,x,x,x,x,x,x,Thailand,2014
QTrobot,31,humanoid,service,x,blcd,y,x,y,x,x,x,x,ground,full robot body,white,x,dark blue,rectangle - horiz,med,"x, y, z",none,x,black,x,x,vert oval,downward curves,y,dark blue,x,x,x,x,x,x,light blue,2,slit,vert oval,up,x,x,x,small,cen,wide,black,black,crescent,black,blue,human,"ud, height, width",short,down,x,x,x,x,x,none,black,arched (center),flat,x,ud,short,small,x,x,x,x,x,x,Luxembourg,2017
YYD Robot Xiaoyong,31,humanoid,home,x,smart,y,x,y,x,x,x,x,ground,tabletop,black,x,x,rounded rectangle - horiz,med,"x, y",none,"speech[above mouth], dis,
tele",blue,x,x,circle,x,y,black,x,x,x,x,blue,line below eye,white,3,><,circle,resize,none,none,x,pro,raise,medium,blue,blue,crescent,x,x,x,resize,short,med,x,x,x,x,x,none,blue,arched (center),"down, flat, up",x,"flip, resize, lr",short,small,x,x,x,x,x,x,China,2015
Honeybot,32,humanoid,educational,x,touch,y,x,y,x,x,x,x,ground,full robot body,white,x,gray,rounded rectangle - horiz,large,none,none,dis,black,white,x,circle,x,x,x,x,x,y,white,x,x,white,1,no data,circle,none,none,none,x,pro,cen,medium,gray,x,crescent,x,x,x,none,med,cen,x,x,x,x,x,none,black,arched (center),down,x,none,med,small,x,x,x,x,x,x,China,2016
JULIA (1),32,humanoid,home,x,blcd,x,x,y,y,x,x,x,low,full robot body,pink,x,x,rectangle - horiz,small,x,none,"chest, chest
tele",white,x,x,circle,x,y,black,x,x,x,x,black,2 lines in corner,x,x,down,circle,none,none,none,x,pro,up,close,brown,x,crescent,x,x,x,none,short,cen,x,x,x,x,x,none,brown,arched (center),flat,x,none,med,x,red,blush,x,up,wide,x,Taiwan,2012
Leka,32,mechanical,home,x,blcd,y,x,x,y,x,x,x,ground,tabletop,white,blue,x,square,med,none,none,dis,black,x,x,circle,crescent,y,white,x,x,x,x,x,x,white,2,x,circle,none,none,none,no data,pro,cen,wide,black,black,half circle,x,x,x,none,short,up,x,x,x,x,x,none,x,x,x,x,none,x,x,pink,oval,x,up,cen,x,France,2015
Baxter (9),33,humanoid,research,x,touch,x,x,y,x,x,x,x,high,torso (on platform),blue,no data,white,rectangle - horiz,small,"x,y",no data,no data,white,black,no data,horiz oval,no data,y,blue,no data,no data,x,x,x,x,x,x,no data,circle,no data,no data,x,no data,small,cen,medium,x,x,crescent,x,x,x,none,x,x,x,x,x,x,x,none,black,horiz oval,flat,x,no data,long,small,x,x,x,x,x,x,USA,2015
Haibao,33,humanoid,service,x,blcd,y,x,x,x,x,x,"hair, ears",med,upright - mobile,blue,black,x,rectangle - horiz,small,y,none,chest,white,black,x,vert oval,x,y,black,y,blue,x,x,x,x,white,1,lid down,circle,"resize, dist",resize,app/dis,x,dom,raise,close,white,black,crescent,x,blue,x,none,long,cen,x,x,x,x,x,none,x,x,x,x,none,x,x,x,x,x,x,x,x,China,2010
LDRIC,33,mechanical,entertainment,x,blcd,y,x,x,x,x,x,x,high,on mobile platform,blue,x,dark blue,square,small,x,none,x,white,gray,x,circle,x,y,black,y,gray,y,blue,x,x,white,1,lid down,circle,"resize, z","lr, ud",none,no data,pro,raise,close,black,black,crescent,x,x,single rect,resize,med,cen,x,x,x,x,x,none,x,x,x,x,none,x,x,x,x,x,x,x,x,USA,2016
Baxter (13),34,humanoid,research,x,touch,y,x,y,x,x,x,x,high,torso (on platform),blue,no data,x,rectangle - horiz,small,"x,y",none,no data,black,x,x,vert oval,no data,y,white,x,x,x,x,x,x,x,x,no data,vert oval,x,no data,x,x,small,up,close,black,white,crescent,x,x,x,no data,long,down,x,x,x,x,x,none,black,arched (center),"down, flat, up",no data,none,long,med,x,x,x,x,x,x,USA,2015
Baxter (2),34,humanoid,research,x,touch,x,x,y,x,x,x,x,high,torso (on platform),white,red ,x,rectangle - horiz,small,"x,y",none,"corner, toolbar [left]",white,black,no data,horiz oval,x,y,black,y,white,y,blue,x,x,x,x,x,circle,z,"lr, ud",none,x,pro,cen,medium,x,x,x,x,x,x,none,x,x,x,x,x,x,x,none,black,arched (center),"down, flat, up",y,"ud, twist",med,small,x,x,x,x,x,x,USA,2012
Lisa,34,mechanical,research,x,blcd,y,x,y,x,x,x,x,med,upright mobile rectangle,white,x,x,rectangle - vert,small,none,z,x,black,x,x,circle,x,y,white,x,x,x,x,black,upturn lines in corner,x,x,slit,circle,none,none,none,x,small,up,wide,black,black,line,x,x,x,"width, height",med,down,x,x,x,x,x,none,black,arched (inside edge),"down, flat, up",x,"ud, twist",med,small,x,x,x,x,x,x,Germany,2015
Roby,34,mechanical,educational,x,touch,x,x,x,x,x,x,x,ground,upright mobile rectangle,white,x,x,rectangle - horiz,med,none,none,toolbar[above],white,black,"purple, blue",horiz oval,x,y,black,y,white,x,x,black,vert lines,white,1,lid wipe up,circle,none,none,none,x,pro,raise,wide,x,x,x,x,x,x,none,x,x,x,x,x,x,x,none,black,arched (center),down,x,none,med,small,x,x,x,x,x,x,USA,2015
Smart Pet,34,zoomorphic,entertainment,x,smart,y,y,x,x,x,x,ears,ground,on a mobile dog body,white,x,blue,rectangle - vert,med,z,"ud, lr","smart, dis",black,x,x,vert oval,icons,x,x,x,x,x,x,x,x,x,x,slit,x,ud,none,none,x,pro,up,wide,black,red,line,black,red,x,ud,med,down,black,rounded triangle,x,small,cen,ud,x,x,x,x,none,x,x,x,x,x,x,x,x,Japan,2012
Yumi (omate),34,humanoid,home,x,touch,y,x,y,x,x,x,x,ground,tabletop,black,x,x,rounded rectangle - horiz,med,none,none,dis,blue,x,x,circle,x,y,black,x,x,x,x,x,x,white,3,slit,vert oval,none,none,none,x,pro,cen,medium,blue,x,crescent,x,x,x,none,short,down,x,x,x,x,x,none,blue,arched (center),up,x,none,short,med,x,x,x,x,x,x,China,2017
Baxter,35,humanoid,industrial,x,touch,x,x,y,x,x,x,x,high,torso (on platform),white,red ,x,rectangle - horiz,small,"x,y",none,"corner, toolbar [left]",white,black,x,horiz oval,x,y,black,y,white,y,gray,x,x,x,x,x,circle,z,"lr, ud",none,x,pro,cen,medium,x,x,x,x,x,x,none,x,x,x,x,x,x,x,none,black,arched (center),"down, flat, up",y,"ud, twist",med,small,x,x,x,x,x,x,USA,2012
Baxter (10),35,humanoid,research,x,touch,y,x,x,y,x,x,x,high,torso (on platform),white,x,x,rectangle - horiz,small,"x,y",none,no data,white,black,x,vert oval,x,y,black,x,x,x,x,x,x,x,x,x,circle,x,x,x,x,pro,raise,medium,black,x,squiggley line,x,x,x,no data,short,down,x,x,x,x,x,none,black,line,flat,x,no data,long,x,pink,circle,small,down,close,x,USA,2015
Baxter (11),35,humanoid,research,x,touch,x,x,y,x,x,x,x,high,torso (on platform),white,x,x,rectangle - horiz,small,"x,y",none,no data,white,black,x,horiz oval,x,y,black,y,white,y,brown,black,crescent,white,2,slit,circle,x,x,x,x,pro,cen,wide,x,x,x,x,x,x,none,x,x,x,x,x,x,x,none,black,trapezoid,"down, flat",x,flip,long,small,x,x,x,x,x,x,USA,2015
Baxter (7),35,humanoid,research,x,touch,x,x,x,x,x,x,x,high,torso (on platform),black,no data,x,rectangle - horiz,small,"x,y",no data,no data,blue,x,no data,horiz oval,no data,y,purple,no data,no data,x,x,x,x,white,1,no data,circle,no data,no data,no data,no data,small,cen,medium,purple,x,squiggley line,x,x,x,no data,long,down,x,x,x,x,x,none,x,x,x,x,none,x,x,x,x,x,x,x,x,USA,2015
Robocoach,35,humanoid,healthcare,x,blcd,y,x,x,x,x,x,x,med,full robot body,pink,x,x,rectangle - horiz,small,"x,y",no data,chest,white,x,x,circle,x,y,black,y,blue or purple or green,y,green,x,x,white,1,down,circle,none,none,none,x,pro,raise,close,black,red,crescent,x,x,x,none,med,down,x,x,x,x,x,none,x,x,x,x,none,x,x,x,x,x,x,x,x,Singapore,2015
Sawyer,35,humanoid,industrial,x,touch,x,x,y,x,x,x,x,med,stationary upright cylinder,white,x,x,rectangle - horiz,small,none,none,"corner, toolbar[l]",white,x,x,horiz oval,x,y,black,y,white,y,blue,x,x,white,1,slit,circle,none,"lr, ud",none,x,pro,cen,medium,x,x,x,x,x,x,none,x,x,x,x,x,x,x,none,black,arched (center),flat,x,ud,long,small,x,x,x,x,x,x,USA,2015
Smartbot,35,mechanical,entertainment,x,smart,y,x,y,x,x,x,x,ground,on mobile platform,gray,x,black,rectangle - horiz,large,x,none,smart,white,x,x,circle,semicircle,y,black,x,x,x,x,x,x,white,1,x,circle,none,"lr, ud",none,x,pro,raise,close,white,white,crescent,x,x,x,"height, width",med,down,x,x,x,x,x,x,black,line,flat,x,twist,short,x,x,x,x,x,x,x,France,2013
Yurina,35,humanoid,healthcare,x,touch,y,y,x,x,x,x,x,low,upright mobile sphere,pink,x,x,rectangle - horiz,small,y,none,"dis, button[bottom right]",pink,pink,x,vert oval,x,y,blue,x,x,y,white,x,x,x,x,x,vert oval,none,"lr, ud",none,x,dom,raise,medium,pink,x,crescent,x,x,x,none,short,up,black,crescent downwards,x,small,up,none,x,x,x,x,none,x,x,x,x,x,x,x,x,Japan,2009
DiscoRobo Alex,36,humanoid,entertainment,x,ulcd,y,x,x,x,x,x,x,ground,tabletop,purple,x,x,upwards crescent,med,"x,y",none,x,purple,x,x,circle,x,y,purple,x,x,y,purple,purple,upsidedown crescent touching eye,x,1,x,circle,none,none,none,y,small,raise,close,white,white,"crescent, pucker lips",purple,x,x,none,med,cen,x,x,x,x,x,none,x,x,x,x,none,x,x,x,x,x,x,x,x,Vietnam,2012
RoboMe (robot 1),36,humanoid,entertainment,x,smart,y,x,y,x,x,x,x,ground,full robot body,black,x,gray,rectangle - vert,med,y,none,"smart, toolbar r, toolbar[left], dis, tele",blue,x,no data,circle,x,x,x,x,x,x,x,x,x,x,x,,x,no data,no data,none,no data,pro,up,medium,blue,blue,smile,x,x,x,no data,short,down,x,x,x,x,x,none,black,trapezoid,up,x,no data,med,x,x,x,x,x,x,x,China,2013
Robosem,36,mechanical,educational,x,touch,y,x,x,x,x,x,x,med,full robot body,black,x,x,rectangle - horiz,small,none,none,dis,black,white,x,circle,x,y,white,x,x,y,black,orange,3 dots,x,x,slit,circle,none,none,none,x,pro,raise,medium,orange,black,open half circle,x,x,x,resize,short,cen,x,x,x,x,x,none,x,x,x,x,none,x,x,x,x,x,x,x,x,Korea,2010
Romo,36,mechanical,entertainment,x,smart,y,x,x,x,x,x,x,ground,mobile platform,blue,x,x,rectangle - vert,large,none,"lr, ud",smart,white,x,x,circle,"crescents, circle with missing area near bottom, upside-down crescents",y,black,y,blue,x,x,x,x,x,x,lid down,circle,"ud,z, l/r, resize",ud,none,x,pro,raise,close,black,black,open half circle,x,pink,triangle,"ud, z",long,up,x,x,x,x,x,none,x,x,x,x,none,x,x,x,x,x,x,x,x,USA,2013
Brzydal,37,humanoid,research,x,blcd,y,x,x,x,x,x,x,ground,tabletop,yellow,no data,x,rectangle - vert,large,no data,no data,x,white,gray,no data,circle,x,y,black,x,x,y,blue,x,x,x,x,x,circle,none,no data,none,no data,pro,up,medium,black,red,open,x,x,x,no data,med,down,x,x,x,x,x,none,x,x,x,x,none,x,x,x,x,x,x,x,x,Poland,2016
Dragonbot (1-1),37,zoomorphic,entertainment,x,touch,y,x,x,x,x,x,x,ground,tabletop,black,x,x,bean-shaped,small,"x,y,z",none,x,green,x,x,rhombus,semicircle,y,black,x,x,x,x,x,x,white,1,wipe center,vert oval,"resize, width","resize, app/dis",app/dis,no data,dom,cen,wide,white,black,crescent,x,x,triangle,"ud, lr, z, resize, height",short,up,x,x,x,x,x,none,x,x,x,x,none,x,x,x,x,x,x,x,x,USA,2013
RAMSEE,37,mechanical,security,x,smart,y,x,x,x,x,x,x,med,full robot body,black,x,x,rectangle - horiz,small,"x,y",none,dis,black,white,x,horiz oval,x,y,black,x,x,y,blue,x,x,white,1,slit,circle,none,no data,no data,x,pro,cen,medium,white,x,crescent,x,x,x,none,long,cen,x,x,x,x,x,none,x,x,x,x,none,x,x,x,x,x,x,x,x,USA,2016
duAro,38,zoomorphic,service,x,blcd,x,y,x,x,x,x,x,low,tabletop,white,x,x,rectangle - horiz,med,none,resize,"text[below], text[above], dis",black,green,x,vert oval,><,x,x,y,white,x,x,x,x,white,2,upturn line,x,none,none,none,no data,pro,raise,wide,x,x,x,x,x,x,none,x,x,black,Y-shaped,x,small,down,none,x,x,x,x,none,x,x,x,x,x,x,x,x,Japan,2016
HOSPI-R (2),38,mechanical,service,x,touch,y,x,x,x,x,x,x,med,upright mobile cone,black,x,x,rounded rectangle - horiz,small,none,none,"speech, dis, text, button",white,x,x,vert oval,x,x,x,x,x,y,black,x,x,white,1,lid down,circle,none,none,none,x,small,up,medium,white,white,crescent,white,x,x,"width, hieght,",short,cen,x,x,x,x,x,none,x,x,x,x,none,x,x,x,x,x,x,x,x,Japan,2016
Padbot T1,38,mechanical,service,x,smart,y,x,x,x,x,x,x,ground,tabletop mobile,black,x,blue,rectangle - horiz,med,none,none,dis,white,x,x,circle,x,y,blue,x,x,y,blue,x,x,white,1,no data,x,no data,x,no data,x,pro,cen,medium,white,white,open,x,x,x,no data,short,down,x,x,x,x,x,none,x,x,x,x,none,x,x,x,x,x,x,x,x,China,2015
Pillo,38,mechanical,healthcare,x,blcd,y,x,x,x,x,x,x,ground,tabletop,black,x,x,circle,large,none,none,"icon, tele",blue,x,x,circle,"heart, semi-circle",y,black,x,x,x,x,x,x,white,1,lid wipe center,circle,"iris wipes around
like loading bar,
lr, z","lr, ud, resize",none,y,pro,cen,wide,light gray,x,crescent,x,x,x,resize,short,cen,x,x,x,x,x,none,x,x,x,x,none,x,x,x,x,x,x,x,x,USA,2016
Ada (2),39,mechanical,entertainment,x,blcd,y,x,x,x,x,x,ears,ground,upright mobile cylinder,pink,x,purple,rectangle - horiz,med,"x,y",none,x,pink,white,x,circle,semi circle,x,x,x,x,y,white,x,x,x,x,x,circle,none,none,none,x,dom,cen,medium,white,white,half circle,x,x,x,"lr, resize",short,cen,x,x,x,x,x,none,x,x,x,x,none,x,x,x,x,x,x,x,x,USA,2016
AIbot,39,humanoid,research,x,blcd,y,x,x,x,x,x,x,high,torso (on mobile platform),blue,x,x,rectangle - horiz,small,no data,no data,x,white,x,no data,square,x,y,black,x,x,x,x,x,x,x,x,no data,x,no data,none,none,no data,small,up,close,white,black,smile,x,no data ,no data ,no data ,long,cen,x,x,x,x,x,none,x,x,x,x,none,x,x,x,x,x,x,x,x,USA,2006
AIDA,39,humanoid,driving assistant,x,blcd,x,x,x,y,x,x,x,ground,tabletop (dashboard),gray,x,x,rectangle - horiz,large,"x,y,z, translate ud, translate lr",lr,icon,blue,x,no data,circle,vert oval,y,black,x,x,x,x,x,x,x,x,lid down,circle,resize,resize,none,x,dom,cen,wide,x,x,x,x,x,x,none,x,x,x,x,x,x,x,none,x,x,x,x,none,x,x,blue,dotted line,large,up,wide,x,USA,2009
Baxter (15) ,39,humanoid,research,x,touch,x,x,x,x,x,x,x,high,torso (on platform),blue,x,x,rectangle - horiz,small,"x,y",none,no data,white,blue,no data,square,no data,y,blue,x,x,y,black,x,x,blue,1,no data,circle,no data,no data,no data,no data,dom,cen,medium,x,x,x,x,x,x,none,x,x,x,x,x,x,x,none,x,x,x,x,none,x,x,x,x,x,x,x,x,USA,2015
Baxter (3),39,humanoid,entertainment,x,touch,y,x,x,x,x,x,x,high,torso (on platform),yellow,no data,x,rectangle - horiz,small,"x,y",none,no data,black,x,no data,circle,x,y,white,x,x,x,x,x,x,x,x,x,circle,no data,no data,none,no data,pro,up,close,black,black,human,x,x,x,no data,med,down,x,x,x,x,x,none,x,x,x,x,none,x,x,x,x,x,x,x,x,USA,2013
Baxter (8),39,humanoid,research,x,touch,y,x,y,x,x,x,x,high,torso (on platform),purple,no data,white,rectangle - horiz,small,"x,y",no data,no data,white,purple,no data,circle,circle,x,x,x,x,x,x,x,x,x,x,no data,x,no data,x,x,no data,pro,cen,medium,x,x,x,x,x,x,no data,x,x,x,x,x,x,x,x,black,line,flat,no data,none,long,small,x,x,x,x,x,x,USA,2014
KTH Amazon picker,39,mechanical,research,x,touch,y,x,x,x,x,x,x,high,upright stationary pole,orange,no data,red,rectangle - horiz,small,"x,y",none,x,white,black,no data,circle,squint,y,black,x,x,x,x,x,x,x,x,x,circle,none,none,none,x,pro,cen,wide,red,x,crescent,x,x,x,none,short,cen,x,x,x,x,x,none,x,x,x,x,none,x,x,x,x,x,x,x,x,Sweden,2016
Mospeng-kun,39,humanoid,service,x,blcd,y,x,x,y,x,x,x,med,full robot body,white,x,x,rectangle - horiz,med,none,no data,x,black,x,x,vert oval,x,x,x,x,x,x,x,x,x,x,x,slit,x,z,none,none,x,small,raise,medium,black,white,crescent,x,x,x,z,long,cen,x,x,x,x,x,none,x,x,x,x,none,x,x,red,blush,med,up,wide,x,Japan,2003
Aido,40,humanoid,home,x,blcd,x,y,x,x,x,x,x,med,upright mobile cylinder,black,x,x,rectangle - horiz,small,none,none,"icon, dis",blue,x,x,circle,x,y,black,x,x,x,x,x,x,blue,1,slit,circle,none,"lr, ud",none,x,dom,cen,medium,x,x,x,x,x,x,none,x,x,blue,vertical bars,x,small,up,none,x,x,x,x,none,x,x,x,x,x,x,x,x,USA,2016
Ed,40,humanoid,research,x,blcd,y,y,x,x,x,x,x,med,upright mobile rectangle,black,x,x,rectangle - horiz,small,none,none,dis,green,x,x,circle,x,x,x,x,x,x,x,x,x,x,x,x,x,none,none,none,x,small,raise,medium,green,black,smile,x,x,x,height,med,down,green,rectangle,x,large,cen,none,x,x,x,x,none,x,x,x,x,x,x,x,x,Canada,2014
Jelly,40,mechanical,home,x,touch,y,x,x,x,x,x,x,ground,tabletop,black,x,x,rounded rectangle - horiz,large,"y, x",none,"icon, dis
",black,white,x,circle,y,x,x,x,x,y,yellow,x,x,x,x,x,circle,none,dis,none,x,pro,cen,medium,red,red,crescent,x,x,x,dis,med,cen,x,x,x,x,x,none,x,x,x,x,none,x,x,x,x,x,x,x,x,China,2016
Romibo,41,zoomorphic,educational,x,blcd,x,x,x,x,x,x,x,ground,upright stationary sphere (fur),black,x,x,rounded rectangle - horiz,small,none,none,x,white,x,x,vert oval,circle,y,dark blue or black,y,gray/blue,y,blue,x,x,white,1,lid down,circle,"ud, glare
wiggles l/r","lr, resize",none,x,pro,raise,close,x,x,x,x,x,x,none,x,x,x,x,x,x,x,none,x,x,x,x,none,x,x,x,x,x,x,x,x,USA,2014
WUMO,41,humanoid,service,x,blcd,y,x,x,x,x,x,x,ground,tabletop,blue,x,x,rectangle - horiz,med,none,none,"dis, IF",gray,x,x,vert rect,"square, equal sign",x,x,x,x,x,x,x,x,x,x,wipe center,x,ud,none,none,x,small,up,wide,gray,gray,crescent,x,blue,crescent,"resize, lr",short,cen,x,x,x,x,x,none,x,x,x,x,none,x,x,x,x,x,x,x,x,USA,2014
ZeGoBeast Electric,41,zoomorphic,educational,x,smart,x,x,y,x,x,x,x,ground,tabletop mobile,white,x,x,rectangle - horiz,small,none,"ud, lr",x,black,x,x,vert oval,x,y,white,x,x,x,x,x,x,x,x,mid,circle,"ud, lr",none,none,y,small,cen,medium,x,x,x,x,x,x,none,x,x,x,x,x,x,x,none,black,arched (center),down,x,none,short,small,x,x,x,x,x,x,USA,2015
COJI,42,humanoid,entertainment,x,blcd,x,x,x,x,x,x,x,ground,tabletop,black,x,x,square,med,none,"lr, ud",icon,blue,dark blue,x,vert oval,"crescent, vert semi-oval",y,white,x,x,y,light blue,x,x,x,x,lid down,oval,"lr, ud, height, resize, dist","lr, ud",none,y,pro,low,medium,x,x,x,x,x,x,none,x,x,x,x,x,x,x,none,x,x,x,x,none,x,x,x,x,x,x,x,x,China,2016
Luna,42,humanoid,home,x,touch,x,x,y,x,x,x,mouth,high,full robot body,black,x,x,rectangle - horiz,small,y,no data,"icon, dis",blue,x,x,square,no data,x,x,x,x,x,x,x,x,x,x,down,x,lr,none,none,no data,pro,up,medium,x,x,x,x,x,x,none,x,x,x,x,x,x,x,none,blue,line,up,x,none,med,x,x,x,x,x,x,x,USA,2011
Owen,42,humanoid,entertainment,x,blcd,y,x,x,x,x,x,x,ground,full robot body,yellow,red,x,rectangle - vert,large,none,none,x,blue,white,x,circle,tilted semi-circle,x,x,x,x,x,x,x,x,x,x,slit,x,none,none,none,x,small,up,close,white,red,half circle,x,x,x,z,med,cen,x,x,x,x,x,none,x,x,x,x,none,x,x,x,x,x,x,x,x,USA,2015
robothespian,42,humanoid,research,x,blcd,x,x,x,x,x,x,"ears, mouth, nose, cheeks",high,full robot body,black,x,x,human,x,"x,y,z",none,x,white,x,"purple, white",circle,x,y,black,y,white,y,blue,x,x,x,x,lid wipe center,circle,"lr, ud, lid height",app/dis,none,y,pro,raise,wide,x,x,x,x,x,x,none,x,x,x,x,x,x,x,none,x,x,x,x,none,x,x,x,x,x,x,x,x,UK,2010
Benebot (Ecovacs Robotics),43,mechanical,service,x,blcd,y,x,x,x,x,x,x,med,upright mobile rectangle,black,x,x,square,med,x,none,dis,white,x,x,circle,x,y,black,x,x,x,x,x,x,x,x,x,circle,no data,none,none,x,dom,cen,medium,blue,blue,open,x,x,x,none,short,down,x,x,x,x,x,none,x,x,x,x,none,x,x,x,x,x,x,x,x,China,2014
Bikou-Kie,43,zoomorphic,entertainment,x,ulcd,x,x,x,x,x,x,"ears, nose, mouth",ground,full robot body,gray,x,x,oval - horiz,med,x,none,x,gray,black,x,vert oval,circle,y,black,x,x,x,x,x,x,"gray
",1,lid down,circle,"ud, resize",none,no data,no data,dom,raise,close,x,x,x,x,x,x,none,x,x,x,x,x,x,x,none,x,x,x,x,none,x,x,x,x,x,x,x,x,China,2001
Nimbus,43,zoomorphic,research,x,blcd,x,x,x,x,x,x,x,ground,upright stationary sphere (fur),black,x,x,bean-shaped,small,"x,y,z",none,x,white,black,x,circle,x,y,black,y,yellow,x,x,x,x,white,1,lid down,circle,none,lr,none,x,dom,cen,close,x,x,x,x,x,x,none,x,x,x,x,x,x,x,none,x,x,x,x,none,x,x,x,x,x,x,x,x,USA,2012
Tapia,43,mechanical,home,x,blcd,x,x,x,x,x,x,x,ground,tabletop,black,red,x,oval - horizontal,med,none,"ud, lr","dialog, icon, dis",white,x,x,circle,semicircle,y,black,y,black,x,x,x,x,x,x,lid down,circle,resize,ud,none,x,dom,low,close,x,x,x,x,x,x,none,x,x,x,x,x,x,x,none,x,x,x,x,none,x,x,x,x,x,x,x,x,Japan,2016
Xibot,43,zoomorphic,home,x,touch,x,x,x,x,x,x,"mouth, ears",ground,tabletop,black,x,x,ellipse - horiz,large,none,none,"icon, dis",blue,x,x,square,same but filled in,y,blue,x,x,y,black,x,x,x,x,slit,square,ud,"lr, ud",none,x,dom,cen,close,x,x,x,x,x,x,none,x,x,x,x,x,x,x,none,x,x,x,x,none,x,x,x,x,x,x,x,x,China,2016
Alphie,44,humanoid,entertainment,x,ulcd,x,x,x,x,x,x,"mouth, ears",ground,full robot body,orange,x,x,square,small,none,none,"dis, icon",black,x,x,vert rounded rect,"circle, vert oval, vert trapezoid short bottom, exclamation mark, arrow, musical notes, stars",y,orange,x,x,x,x,x,x,x,x,slit,circle,"height, z, resize, dist","lr, ud, resize, z",none,y,dom,cen,wide,x,x,x,x,x,x,none,x,x,x,x,x,x,x,none,x,x,x,x,none,x,x,x,x,x,x,x,x,USA,2010
Hub (LG),44,mechanical,home,x,touch,x,x,x,x,x,x,x,ground,tabletop,black,x,x,rectangle - horiz,med,none,"lr, ud","dis
",blue,x,x,vert oval,"line, crecent",x,x,x,x,y,blue,x,x,white,3,slit,vert oval,resize,dis,app/dis,x,pro,cen,medium,x,x,x,x,x,x,none,x,x,x,x,x,x,x,none,x,x,x,x,none,x,x,x,x,x,x,x,x,USA,2016
MobBob,44,humanoid,entertainment,x,smart,y,x,x,x,x,x,x,ground,full robot body,white,x,x,rectangle - both,large,none,z,area[below],black,x,x,vert oval,x,x,x,x,x,x,x,x,x,x,x,wipe center,x,z,none,none,x,small,up,wide,black,black,crescent,x,x,x,height,short,up,x,x,x,x,x,none,x,x,x,x,none,x,x,x,x,x,x,x,x,Australia,2015
Poppy,44,humanoid,research,y,blcd,x,x,y,x,x,x,x,low,full robot body,black,x,x,rounded rectangle - horiz,small,"x,y",none,x,blue,x,x,semicircle,upsidedown semi-circle,x,x,x,x,x,x,x,x,x,x,x,x,none,none,none,x,small,cen,wide,x,x,x,x,x,x,none,x,x,x,x,x,x,x,none,blue,arched (center),up,x,none,long,small,x,x,x,x,x,x,France,2016
Unibo,44,humanoid,home,x,touch,y,x,x,x,x,x,x,ground,tabletop,black,x,x,rounded trapezoid,med,"x, y, z",z,"IF, dis, icon
speech[above mouth], button [mouth]",white,x,x,vert oval,x,x,x,x,x,x,x,x,x,x,x,lid wipe center,x,none,none,none,y,small,down,wide,white,x,line,x,x,x,app/dis,long,cen,x,x,x,x,x,none,x,x,x,x,none,x,x,x,x,x,x,x,x,Japan,2017
Beggar,45,humanoid,art,x,crt,y,x,x,x,x,x,x,med,upright mobile rectangle,white,x,x,square,small,none,ud,x,black,x,x,square,x,x,x,x,x,x,x,x,x,x,x,slit,square,"ud, height",none,none,x,small,up,wide,black,x,line,x,x,x,"ud, app/dis, width, height",short,down,x,x,x,x,x,none,x,x,x,x,none,x,x,x,x,x,x,x,x,Slovenia,2006
Bot-chan,45,zoomorphic,home,x,blcd,x,x,x,x,x,x,ears,ground,tabletop,green,x,x,circle,med,"x, y",no data,no data,black,x,no data,vert oval,x,x,x,x,x,x,x,black,upturn line from corner,x,x,no data,x,none,none,none,no data,pro,cen,medium,x,x,x,x,x,x,none,x,x,x,x,x,x,x,none,x,x,x,x,none,x,x,x,x,x,x,x,x,Japan,2005
BYD Car Robot,45,humanoid,driving assistant,x,blcd,x,x,x,x,x,x,x,ground ,tabletop (dashboard),black,x,x,circle,med,,no data,no data,yellow,x,x,vert oval,semicircle,y,black,x,x,x,x,x,x,yellow,1,no data,vert oval,no data,x,none,no data,pro,cen,close,x,x,x,x,x,x,x,x,x,x,x,x,x,x,none,x,x,x,x,,x,x,x,x,x,x,x,x,China,2012
Heasy,45,mechanical,service,x,blcd,x,x,x,x,x,x,x,high,upright mobile cylinder,black,x,x,rounded rectangle - horiz,small,y,none,chest,white,x,red,teardrops,"heart, horz oval",y,black,x,x,x,x,x,x,x,x,wipe center,speech bubble,resize,none,none,x,pro,cen,close,x,x,x,x,x,x,none,x,x,x,x,x,x,x,none,x,x,x,x,none,x,x,x,x,x,x,x,x,France,2017
Musio,45,humanoid,entertainment,x,crt,x,x,x,x,x,x,x,ground,full robot body,black,x,x,rounded rectangle - horiz,med,none,no data,x,blue,x,x,circle,"crescent, star",y,dark blue,x,x,y,blue,x,x,x,x,dis,circle,none,"lr, app/dis",none,x,dom,cen,wide,x,x,x,x,x,x,none,x,x,x,x,x,x,x,none,x,x,x,x,none,x,x,x,x,x,x,x,x,USA,2014
AMI,46,humanoid,research,x,blcd,y,x,x,x,x,x,mouth,high,full robot body,blue,x,x,rectangle - horiz,med,none,none,x,white,x,x,horiz line,x,x,x,x,x,x,x,x,x,x,x,x,x,z,none,none,x,dom,raise,medium,white,x,line,x,x,x,"ud, z, lr",med,down,x,x,x,x,x,none,x,x,x,x,none,x,x,x,x,x,x,x,x,Korea,2001
Baxter (14) ,46,humanoid,research,x,touch,y,x,x,x,x,x,x,high,torso (on platform),black,no data,x,rectangle - horiz,small,"x,y",no data,no data,white,x,no data,circle,no data,x,x,x,x,x,x,x,x,x,x,x,x,x,x,x,x,pro,up,close,yellow,x,crescent,x,x,x,no data,long,down,x,x,x,x,x,none,x,x,x,x,no data,x,x,x,x,x,x,x,x,USA,2015
BIG-i,46,mechanical,home,x,blcd,x,x,x,x,x,x,x,ground,upright mobile cylinder,black,x,x,sphere,small,y,none,tele,white,x,x,circle,x,y,black,x,x,y,gray,x,x,x,x,dis,circle,app/dis,"lr, resize",none,x,pro,cen,x,x,x,x,x,x,x,none,x,x,x,x,x,x,x,none,x,x,x,x,none,x,x,x,x,x,x,x,x,China,2016
Hajime,46,humanoid,service,x,blcd,x,x,x,x,x,x,x,high,mobile upright cylinder,black,x,x,square,small,none,none,x,white,blue,x,vert oval,x,y,black,x,x,x,x,x,x,x,x,slit,circle,none,"lr, ud",none,no data,dom,cen,medium,x,x,x,x,x,x,none,x,x,x,x,x,x,x,none,x,x,x,x,none,x,x,x,x,x,x,x,x,Japan,2010
Ninebot Segway,46,humanoid,home,x,smart,x,x,x,x,x,x,x,low,on a mobile platform,black,x,x,rectangle - horiz,small,"x,y, translate ud",none,dis,white,x,x,circle,x,y,black,x,x,x,x,x,x,x,x,mid to curved lines,circle,"lr, ud",none,none,no data,pro,raise,medium,x,x,x,x,x,x,none,x,x,x,x,x,x,x,none,x,x,x,x,none,x,x,x,x,x,x,x,x,China,2016
Care-O-Bot 4,47,humanoid,service,x,blcd,x,x,x,x,x,x,x,high,upright mobile cylinder,black,x,x,circle,small,"x,y,z","lr, ud",dis,blue,x,pink,circle,"vert oval, horiz crescent",x,x,x,x,x,x,x,x,x,x,lid down,x,"ud, lr, resize",none,none,y,small,raise,close,x,x,x,x,x,x,none,x,x,x,x,x,x,x,none,x,x,x,x,none,x,x,x,x,x,x,x,x,Germany,2015
Domgy,47,zoomorphic,home,x,blcd,x,x,x,x,x,x,x,ground,full robot body,black,x,x,oval - horiz,med,"x,y",none,"icon, dis, tele",blue,x,x,circle,x,y,black,x,x,x,x,x,x,x,x,pupil slit,circle,none,"resize, lr, ud",none,x,dom,cen,close,x,x,x,x,x,x,none,x,x,x,x,x,x,x,none,x,x,x,x,none,x,x,x,x,x,x,x,x,China,2016
Jibo,47,mechanical,home,x,touch,x,x,x,x,x,x,x,ground,upright stationary spheroid,black,x,x,circle,large,"x,y,z",none,"icon, dis",gray,x,"white, yellow, blue, green, red",circle,"oval - horiz, heart, circle missing chunk, crescent",x,x,x,x,x,x,x,x,white,1,slit,x,"ud, l/r, 
resize",none,none,x,dom,cen,x,x,x,x,x,x,x,none,x,x,x,x,x,x,x,none,x,x,x,x,none,x,x,x,x,x,x,x,x,USA,2014
Relay,47,mechanical,service,x,touch,x,x,x,x,x,x,x,low,mobile upright cylinder,orange,x,blue,rectangle - horiz,small,none,none,"dis, speech[above]",white,x,x,vert oval,upwards crescent,x,x,x,x,x,x,x,x,x,x,slit,x,none,none,none,x,small,low,close,x,x,x,x,x,x,none,x,x,x,x,x,x,x,none,x,,x,x,none,x,x,x,x,x,x,x,x,USA,2014
Tawabo,47,humanoid,tour guide,x,blcd,y,x,x,x,x,x,x,med,upright mobile cylinder,white,x,x,rectangle - horiz,med,none,none,dis,black,x,x,vert oval,x,x,x,x,x,x,x,x,x,x,x,x,x,"ud, lr",none,none,x,small,raise,medium,black,x,crescent,x,x,x,"ud, lr",x,down,x,x,x,x,x,none,x,x,x,x,none,x,x,x,x,x,x,x,x,Japan,2012
Halley,48,humanoid,research,x,blcd,x,x,x,x,x,x,mouth,ground/low,full robot body,blue,x,x,rectangle - horiz,small,"x,y",none,smart,blue,x,x,vert rect,"vert oval, thick crescent, line",x,x,x,x,x,x,x,x,x,x,slit,x,none,none,none,x,dom,low,close,x,x,x,x,x,x,none,x,x,x,x,x,x,x,none,x,x,x,x,none,x,x,x,x,x,x,x,x,USA,2015
KubiLingo,48,mechanical,research,x,smart,x,x,x,x,x,x,x,low,tabletop,green,x,x,rectangle - horiz,large,"x,y",none,"toolbar[below], dis",white,x,x,circle,x,y,black,x,x,x,x,x,x,x,x,x,circle,none,"lr, ud",none,x,pro,raise,medium,x,x,x,x,x,x,none,x,x,x,x,x,x,x,none,x,x,x,x,none,x,x,x,x,x,x,x,x,USA,2016
Roppie,48,humanoid,home,x,blcd,x,x,x,x,x,x,x,med,full robot body,black,x,x,square,small,"x, y",none,chest,blue,x,red,vert oval,"circle, heart",x,x,x,x,x,x,x,x,x,x,dis,x,"lr, ud",none,none,x,pro,low,close,x,x,x,x,x,x,none,x,x,x,x,x,x,x,none,x,x,x,x,none,x,x,x,x,x,x,x,x,Taiwan,2009
Tega,48,zoomorphic,educational,x,smart,x,x,x,x,x,x,hair,ground,tabletop,blue,x,x,teardrop,small,"x,y,z, translate ud",none,"smart, dis",white,x,x,vert oval,"horiz oval, semicircle",x,x,x,x,x,x,x,x,x,x,lid down to slit,x,"ud, resize, z",none,none,x,dom,cen,medium,x,x,x,x,x,x,none,x,x,x,x,x,x,x,none,x,x,x,x,none,x,x,x,x,x,x,x,x,USA,2016
Casper,49,humanoid,service,x,touch,x,x,x,x,x,x,x,low,upright mobile cylinder,white,x,x,rectangle - horiz,small,none,none,"dis, text[above]",black,x,x,vert rounded rect,crescent,x,x,x,x,x,x,x,x,x,x,slit,x,"ud, width",none,none,x,pro,raise,wide,x,x,x,x,x,x,none,x,x,x,x,x,x,x,none,x,x,x,x,none,x,x,x,x,x,x,x,x,China,2016
Cozmo,49,mechanical,entertainment,x,blcd,x,x,x,x,x,x,x,ground,full robot body,black,x,x,square,med,y,"lr, ud",x,blue,x,x,square,"slit, crescent",x,x,x,x,x,x,x,x,x,x,slit,x,"ud, lr, resize, height, dist",none,none,y,pro,raise,close,x,x,x,x,x,x,none,x,x,x,x,x,x,x,none,x,x,x,x,none,x,x,x,x,x,x,x,x,USA,2016
E-one,49,humanoid,service,x,no data,x,x,x,x,x,x,x,ground,upright mobile rectangle,black,x,x,sphere,med,none,no data,tele,white,x,no data,circle,x,x,x,x,x,x,x,x,x,x,x,x,x,no data,none,none,no data,dom,cen,medium,x,x,x,x,x,x,none,x,x,x,x,x,x,x,none,x,x,x,x,none,x,x,x,x,x,x,x,x,France,2010
Mykie,49,mechanical,home,x,touch,x,x,x,x,x,x,x,ground,upright stationary cone,black,x,x,circle,med,x,no data,projector,blue,x,x,circle,line,x,x,x,x,x,x,x,x,x,x,slit,x,"resize, z","ud, resize",none,y,pro,cen,medium,x,x,x,x,x,x,none,x,x,x,x,x,x,x,none,x,x,x,x,none,x,x,x,x,x,x,x,x,Germany,2017
Pudding BeanQ,49,mechanical,educational,x,touch,x,x,x,x,x,x,x,ground,upright stationary spheroid,black,x,x,rounded rectangle - horiz,med,none,none,dis,green,x,x,circle,crescent,x,x,x,x,x,x,x,x,x,x,slit,x,"resize, z",none,none,x,small,down,medium,x,x,x,x,x,x,none,x,x,x,x,x,x,x,none,x,x,x,x,none,x,x,x,x,x,x,x,x,China,2017
Terapio,49,mechanical,healthcare,x,blcd,x,x,x,x,x,x,x,low,upright mobile cylinder,green,x,x,rectangle - horiz,small,none,none,"dis, toolbar[bottom]",black,x,x,vert oval,horiz oval,x,x,x,x,x,x,x,x,x,x,down,x,"ud, lr",none,none,x,pro,low,wide,x,x,x,x,x,x,none,x,x,x,x,x,x,x,none,x,x,x,x,none,x,x,x,x,x,x,x,x,Japan,2015
Troika ,50,mechanical,tour guide,x,touch,x,x,x,x,x,x,x,high,upright mobile cylinder,black,x,x,circle,small,x,none,"chest, dis",blue,x,x,vert oval,"crescent, semicircle",x,x,x,x,x,x,x,x,x,x,slit,x,"lr, ud",none,none,x,pro,cen,wide,x,x,x,x,x,x,none,x,x,x,x,x,x,x,none,x,x,x,x,none,x,x,x,x,x,x,x,x,Korea,2017
Baxter (12),51,humanoid,research,x,touch,x,x,x,x,x,x,x,high,torso (on platform),black,x,x,rectangle - horiz,small,"x,y",none,no data,white,x,x,circle,x,y,black,x,x,x,x,x,x,x,x,x,circle,x,x,x,x,pro,up,close,x,x,x,x,x,x,none,x,x,x,x,x,x,x,none,x,x,x,x,none,x,x,x,x,x,x,x,x,USA,2015
Eva,51,humanoid,service,x,blcd,y,x,x,x,x,x,x,high,upright mobile cylinder,black,no data,x,oval - horiz,small,no data,no data,x,blue,x,x,horiz oval,no data,x,x,x,x,x,x,x,x,x,x,no data,x,no data,x,x,no data,small,raise,medium,x,x,x,x,x,x,x,x,x,x,x,x,x,x,x,x,x,x,x,none,x,x,x,x,x,x,x,x,China,2015
Gongzi Xiaobai,51,humanoid,home,x,blcd,x,x,x,x,x,x,x,ground,upright stationary cylinder,black,x,x,oval - horiz,med,none,none,"text, dis",blue,x,x,horiz oval,"heart, semicircle, line",x,x,x,x,x,x,x,x,x,x,slit,x,"lr, resize",x,x,x,dom,low,wide,x,x,x,x,x,x,none,x,x,x,x,x,x,x,none,x,x,x,x,none,x,x,x,x,x,x,x,x,China,2016
Baidu KFC Robot ,53,humanoid,service,x,blcd,x,x,x,x,x,x,x,group,tabletop,black,x,x,ellipse - horiz,med,x,none,x,yellow,x,x,vert rect,semicircle,x,x,x,x,x,x,x,x,x,x,wipe center,x,"resize, ud",none,x,y,pro,cen,medium,x,x,x,x,x,x,x,x,x,x,x,x,x,x,x,x,x,x,x,none,x,x,x,x,x,x,x,x,China,2016
Otto,55,mechanical,home,x,blcd,x,x,x,x,x,x,x,ground,tabletop mobile,black,x,x,ellipse - vert,small,"y, z",none,icon,white,x,x,circle,x,x,x,x,x,x,x,x,x,x,x,wipe center,x,x,x,x,x,small,cen,close,x,x,x,x,x,x,x,x,x,x,x,x,x,x,x,x,x,x,x,none,x,x,x,x,x,x,x,x,Korea,2016